[
  {
    "__type__": "cc.SceneAsset",
    "_name": "game1",
    "_objFlags": 0,
    "_native": "",
    "scene": {
      "__id__": 1
    },
    "asyncLoadAssets": false
  },
  {
    "__type__": "cc.Scene",
    "_objFlags": 0,
    "_parent": null,
    "_children": [
      {
        "__id__": 2
      }
    ],
    "_active": true,
    "_components": [],
    "_prefab": null,
    "_opacity": 255,
    "_color": {
      "__type__": "cc.Color",
      "r": 255,
      "g": 255,
      "b": 255,
      "a": 255
    },
    "_contentSize": {
      "__type__": "cc.Size",
      "width": 0,
      "height": 0
    },
    "_anchorPoint": {
      "__type__": "cc.Vec2",
      "x": 0,
      "y": 0
    },
    "_trs": {
      "__type__": "TypedArray",
      "ctor": "Float64Array",
      "array": [
        0,
        0,
        0,
        0,
        0,
        0,
        1,
        1,
        1,
        1
      ]
    },
    "_is3DNode": true,
    "_groupIndex": 0,
    "groupIndex": 0,
    "autoReleaseAssets": false,
    "_id": "d80ad57f-8a79-4984-a2f9-505be9d91508"
  },
  {
    "__type__": "cc.Node",
    "_name": "Canvas",
    "_objFlags": 0,
    "_parent": {
      "__id__": 1
    },
    "_children": [
      {
        "__id__": 3
      },
      {
        "__id__": 5
      },
      {
        "__id__": 15
      }
    ],
    "_active": true,
    "_components": [
      {
        "__id__": 18
      },
      {
        "__id__": 19
      }
    ],
    "_prefab": null,
    "_opacity": 255,
    "_color": {
      "__type__": "cc.Color",
      "r": 255,
      "g": 255,
      "b": 255,
      "a": 255
    },
    "_contentSize": {
      "__type__": "cc.Size",
      "width": 720,
      "height": 1280
    },
    "_anchorPoint": {
      "__type__": "cc.Vec2",
      "x": 0.5,
      "y": 0.5
    },
    "_trs": {
      "__type__": "TypedArray",
      "ctor": "Float64Array",
      "array": [
        360,
        640,
        0,
        0,
        0,
        0,
        1,
        1,
        1,
        1
      ]
    },
    "_eulerAngles": {
      "__type__": "cc.Vec3",
      "x": 0,
      "y": 0,
      "z": 0
    },
    "_skewX": 0,
    "_skewY": 0,
    "_is3DNode": false,
    "_groupIndex": 0,
    "groupIndex": 0,
    "_id": "e3sJrmP7tIk4kSuFMiJOkn"
  },
  {
    "__type__": "cc.Node",
    "_name": "Main Camera",
    "_objFlags": 0,
    "_parent": {
      "__id__": 2
    },
    "_children": [],
    "_active": true,
    "_components": [
      {
        "__id__": 4
      }
    ],
    "_prefab": null,
    "_opacity": 255,
    "_color": {
      "__type__": "cc.Color",
      "r": 255,
      "g": 255,
      "b": 255,
      "a": 255
    },
    "_contentSize": {
      "__type__": "cc.Size",
      "width": 0,
      "height": 0
    },
    "_anchorPoint": {
      "__type__": "cc.Vec2",
      "x": 0.5,
      "y": 0.5
    },
    "_trs": {
      "__type__": "TypedArray",
      "ctor": "Float64Array",
      "array": [
        -32.54,
        -73.954,
        0,
        0,
        0,
        0,
        1,
        1,
        1,
        1
      ]
    },
    "_eulerAngles": {
      "__type__": "cc.Vec3",
      "x": 0,
      "y": 0,
      "z": 0
    },
    "_skewX": 0,
    "_skewY": 0,
    "_is3DNode": false,
    "_groupIndex": 0,
    "groupIndex": 0,
    "_id": "13LMYmULtFV4ZoeD8jRd5a"
  },
  {
    "__type__": "cc.Camera",
    "_name": "",
    "_objFlags": 0,
    "node": {
      "__id__": 3
    },
    "_enabled": true,
    "_cullingMask": 4294967295,
    "_clearFlags": 7,
    "_backgroundColor": {
      "__type__": "cc.Color",
      "r": 0,
      "g": 0,
      "b": 0,
      "a": 255
    },
    "_depth": -1,
    "_zoomRatio": 1,
    "_targetTexture": null,
    "_fov": 60,
    "_orthoSize": 10,
    "_nearClip": 1,
    "_farClip": 4096,
    "_ortho": true,
    "_rect": {
      "__type__": "cc.Rect",
      "x": 0,
      "y": 0,
      "width": 1,
      "height": 1
    },
    "_renderStages": 1,
    "_alignWithScreen": true,
    "_id": "5cY9SJ4elIs5FmCWO8zL3s"
  },
  {
    "__type__": "cc.Node",
    "_name": "bg",
    "_objFlags": 0,
    "_parent": {
      "__id__": 2
    },
    "_children": [
      {
        "__id__": 6
      },
      {
        "__id__": 10
      }
    ],
    "_active": true,
    "_components": [
      {
        "__id__": 13
      },
      {
        "__id__": 14
      }
    ],
    "_prefab": null,
    "_opacity": 255,
    "_color": {
      "__type__": "cc.Color",
      "r": 178,
      "g": 255,
      "b": 247,
      "a": 255
    },
    "_contentSize": {
      "__type__": "cc.Size",
      "width": 720,
      "height": 1280
    },
    "_anchorPoint": {
      "__type__": "cc.Vec2",
      "x": 0.5,
      "y": 0.5
    },
    "_trs": {
      "__type__": "TypedArray",
      "ctor": "Float64Array",
      "array": [
        0,
        8.460000000000036,
        0,
        0,
        0,
        0,
        1,
        1,
        1,
        1
      ]
    },
    "_eulerAngles": {
      "__type__": "cc.Vec3",
      "x": 0,
      "y": 0,
      "z": 0
    },
    "_skewX": 0,
    "_skewY": 0,
    "_is3DNode": false,
    "_groupIndex": 0,
    "groupIndex": 0,
    "_id": "f6L3P1L6pA8I75VQTYNqhj"
  },
  {
    "__type__": "cc.Node",
    "_name": "ball",
    "_objFlags": 0,
    "_parent": {
      "__id__": 5
    },
    "_children": [],
    "_active": true,
    "_components": [
      {
        "__id__": 7
      },
      {
        "__id__": 8
      },
      {
        "__id__": 9
      }
    ],
    "_prefab": null,
    "_opacity": 255,
    "_color": {
      "__type__": "cc.Color",
      "r": 235,
      "g": 91,
      "b": 91,
      "a": 255
    },
    "_contentSize": {
      "__type__": "cc.Size",
      "width": 50,
      "height": 50
    },
    "_anchorPoint": {
      "__type__": "cc.Vec2",
      "x": 0.5,
      "y": 0.5
    },
    "_trs": {
      "__type__": "TypedArray",
      "ctor": "Float64Array",
      "array": [
        0,
        211.509,
        0,
        0,
        0,
        0,
        1,
        1,
        1,
        1
      ]
    },
    "_eulerAngles": {
      "__type__": "cc.Vec3",
      "x": 0,
      "y": 0,
      "z": 0
    },
    "_skewX": 0,
    "_skewY": 0,
    "_is3DNode": false,
    "_groupIndex": 1,
    "groupIndex": 1,
    "_id": "d2wQ27abZPzIRrZwfm5PM5"
  },
  {
    "__type__": "cc.Sprite",
    "_name": "",
    "_objFlags": 0,
    "node": {
      "__id__": 6
    },
    "_enabled": true,
    "_materials": [
      {
        "__uuid__": "eca5d2f2-8ef6-41c2-bbe6-f9c79d09c432"
      }
    ],
    "_srcBlendFactor": 770,
    "_dstBlendFactor": 771,
    "_spriteFrame": {
      "__uuid__": "3d319b17-7948-4ade-8c35-998fee8cf572"
    },
    "_type": 0,
    "_sizeMode": 0,
    "_fillType": 0,
    "_fillCenter": {
      "__type__": "cc.Vec2",
      "x": 0,
      "y": 0
    },
    "_fillStart": 0,
    "_fillRange": 0,
    "_isTrimmedMode": true,
    "_atlas": null,
    "_id": "253YMopQ5BO6YudVO8DjDs"
  },
  {
    "__type__": "cc.RigidBody",
    "_name": "",
    "_objFlags": 0,
    "node": {
      "__id__": 6
    },
    "_enabled": true,
    "_type": 2,
    "_allowSleep": true,
    "_gravityScale": 1,
    "_linearDamping": 0,
    "_angularDamping": 0,
    "_linearVelocity": {
      "__type__": "cc.Vec2",
      "x": 0,
      "y": 0
    },
    "_angularVelocity": 0,
    "_fixedRotation": false,
    "enabledContactListener": true,
    "bullet": false,
    "awakeOnLoad": true,
    "_id": "d8owDgNwJEmbTukzJ7e8e1"
  },
  {
    "__type__": "cc.PhysicsBoxCollider",
    "_name": "",
    "_objFlags": 0,
    "node": {
      "__id__": 6
    },
    "_enabled": true,
    "tag": 0,
    "_density": 1,
    "_sensor": false,
    "_friction": 0.2,
    "_restitution": 0,
    "body": null,
    "_offset": {
      "__type__": "cc.Vec2",
      "x": 0,
      "y": 0
    },
    "_size": {
      "__type__": "cc.Size",
      "width": 50,
      "height": 50
    },
    "_id": "41zHl/syFGDpDziUh/EGc/"
  },
  {
    "__type__": "cc.Node",
    "_name": "block",
    "_objFlags": 0,
    "_parent": {
      "__id__": 5
    },
    "_children": [],
    "_active": true,
    "_components": [
      {
        "__id__": 11
      },
      {
        "__id__": 12
      }
    ],
    "_prefab": null,
    "_opacity": 255,
    "_color": {
      "__type__": "cc.Color",
      "r": 255,
      "g": 255,
      "b": 255,
      "a": 255
    },
    "_contentSize": {
      "__type__": "cc.Size",
      "width": 100,
      "height": 25
    },
    "_anchorPoint": {
      "__type__": "cc.Vec2",
      "x": 0.5,
      "y": 0.5
    },
    "_trs": {
      "__type__": "TypedArray",
      "ctor": "Float64Array",
      "array": [
        7.179,
        -269.226,
        0,
        0,
        0,
        0,
        1,
        1,
        1,
        1
      ]
    },
    "_eulerAngles": {
      "__type__": "cc.Vec3",
      "x": 0,
      "y": 0,
      "z": 0
    },
    "_skewX": 0,
    "_skewY": 0,
    "_is3DNode": false,
    "_groupIndex": 2,
    "groupIndex": 2,
    "_id": "96KZmVesVK94VDEXkrQY5N"
  },
  {
    "__type__": "cc.Sprite",
    "_name": "",
    "_objFlags": 0,
    "node": {
      "__id__": 10
    },
    "_enabled": true,
    "_materials": [
      {
        "__uuid__": "eca5d2f2-8ef6-41c2-bbe6-f9c79d09c432"
      }
    ],
    "_srcBlendFactor": 770,
    "_dstBlendFactor": 771,
    "_spriteFrame": {
      "__uuid__": "a23235d1-15db-4b95-8439-a2e005bfff91"
    },
    "_type": 0,
    "_sizeMode": 0,
    "_fillType": 0,
    "_fillCenter": {
      "__type__": "cc.Vec2",
      "x": 0,
      "y": 0
    },
    "_fillStart": 0,
    "_fillRange": 0,
    "_isTrimmedMode": true,
    "_atlas": null,
    "_id": "62BPF6GAVFPZnBIXvFO8vR"
  },
  {
    "__type__": "cc.RigidBody",
    "_name": "",
    "_objFlags": 0,
    "node": {
      "__id__": 10
    },
    "_enabled": true,
    "_type": 2,
    "_allowSleep": true,
    "_gravityScale": 1,
    "_linearDamping": 0,
    "_angularDamping": 0,
    "_linearVelocity": {
      "__type__": "cc.Vec2",
      "x": 0,
      "y": 0
    },
    "_angularVelocity": 0,
    "_fixedRotation": false,
    "enabledContactListener": false,
    "bullet": false,
    "awakeOnLoad": true,
    "_id": "79K1+xO7ZKkYjYEnDeP44Y"
  },
  {
    "__type__": "cc.Sprite",
    "_name": "",
    "_objFlags": 0,
    "node": {
      "__id__": 5
    },
    "_enabled": true,
    "_materials": [
      {
        "__uuid__": "eca5d2f2-8ef6-41c2-bbe6-f9c79d09c432"
      }
    ],
    "_srcBlendFactor": 770,
    "_dstBlendFactor": 771,
    "_spriteFrame": {
      "__uuid__": "a23235d1-15db-4b95-8439-a2e005bfff91"
    },
    "_type": 0,
    "_sizeMode": 0,
    "_fillType": 0,
    "_fillCenter": {
      "__type__": "cc.Vec2",
      "x": 0,
      "y": 0
    },
    "_fillStart": 0,
    "_fillRange": 0,
    "_isTrimmedMode": true,
    "_atlas": null,
    "_id": "a9LQNCzgtDdo6PG3maCXEQ"
  },
  {
    "__type__": "cc.Widget",
    "_name": "",
    "_objFlags": 0,
    "node": {
      "__id__": 5
    },
    "_enabled": false,
    "alignMode": 1,
    "_target": null,
    "_alignFlags": 45,
    "_left": 3.552713678800501e-15,
    "_right": -3.552713678800501e-15,
    "_top": -8.45999999999998,
    "_bottom": 8.45999999999998,
    "_verticalCenter": 0,
    "_horizontalCenter": 0,
    "_isAbsLeft": true,
    "_isAbsRight": true,
    "_isAbsTop": true,
    "_isAbsBottom": true,
    "_isAbsHorizontalCenter": true,
    "_isAbsVerticalCenter": true,
    "_originalWidth": 100,
    "_originalHeight": 100,
    "_id": "4fW4bzwaJEkKL8FfULplld"
  },
  {
    "__type__": "cc.Node",
    "_name": "game",
    "_objFlags": 0,
    "_parent": {
      "__id__": 2
    },
    "_children": [
      {
        "__id__": 16
      }
    ],
    "_active": true,
    "_components": [],
    "_prefab": null,
    "_opacity": 255,
    "_color": {
      "__type__": "cc.Color",
      "r": 255,
      "g": 255,
      "b": 255,
      "a": 255
    },
    "_contentSize": {
      "__type__": "cc.Size",
      "width": 0,
      "height": 0
    },
    "_anchorPoint": {
      "__type__": "cc.Vec2",
      "x": 0.5,
      "y": 0.5
    },
    "_trs": {
      "__type__": "TypedArray",
      "ctor": "Float64Array",
      "array": [
        -360,
        -640,
        0,
        0,
        0,
        0,
        1,
        1,
        1,
        1
      ]
    },
    "_eulerAngles": {
      "__type__": "cc.Vec3",
      "x": 0,
      "y": 0,
      "z": 0
    },
    "_skewX": 0,
    "_skewY": 0,
    "_is3DNode": false,
    "_groupIndex": 0,
    "groupIndex": 0,
    "_id": "c22gn6BIhFrJwi2ynQVUdZ"
  },
  {
    "__type__": "cc.Node",
    "_name": "game",
    "_objFlags": 0,
    "_parent": {
      "__id__": 15
    },
    "_children": [],
    "_active": true,
    "_components": [
      {
        "__id__": 17
      }
    ],
    "_prefab": null,
    "_opacity": 255,
    "_color": {
      "__type__": "cc.Color",
      "r": 255,
      "g": 255,
      "b": 255,
      "a": 255
    },
    "_contentSize": {
      "__type__": "cc.Size",
      "width": 0,
      "height": 0
    },
    "_anchorPoint": {
      "__type__": "cc.Vec2",
      "x": 0.5,
      "y": 0.5
    },
    "_trs": {
      "__type__": "TypedArray",
      "ctor": "Float64Array",
      "array": [
        0,
        0,
        0,
        0,
        0,
        0,
        1,
        1,
        1,
        1
      ]
    },
    "_eulerAngles": {
      "__type__": "cc.Vec3",
      "x": 0,
      "y": 0,
      "z": 0
    },
    "_skewX": 0,
    "_skewY": 0,
    "_is3DNode": false,
    "_groupIndex": 0,
    "groupIndex": 0,
    "_id": "fcZTm11JtMVpsv8JotEMSM"
  },
  {
    "__type__": "db878SmwJ9C2JaR4B2HFDOp",
    "_name": "",
    "_objFlags": 0,
    "node": {
      "__id__": 16
    },
    "_enabled": true,
    "_id": "7arFwqOPFI7ZfJRe9+audj"
  },
  {
    "__type__": "cc.Canvas",
    "_name": "",
    "_objFlags": 0,
    "node": {
      "__id__": 2
    },
    "_enabled": true,
    "_designResolution": {
      "__type__": "cc.Size",
      "width": 720,
      "height": 1280
    },
    "_fitWidth": false,
    "_fitHeight": true,
    "_id": "b1fft+QPZEFZ9yA7IuIfpL"
  },
  {
    "__type__": "cc.Widget",
    "_name": "",
    "_objFlags": 0,
    "node": {
      "__id__": 2
    },
    "_enabled": true,
    "alignMode": 1,
    "_target": null,
    "_alignFlags": 45,
    "_left": 0,
    "_right": 0,
    "_top": 0,
    "_bottom": 0,
    "_verticalCenter": 0,
    "_horizontalCenter": 0,
    "_isAbsLeft": true,
    "_isAbsRight": true,
    "_isAbsTop": true,
    "_isAbsBottom": true,
    "_isAbsHorizontalCenter": true,
    "_isAbsVerticalCenter": true,
    "_originalWidth": 0,
    "_originalHeight": 0,
    "_id": "dc3ZAg1NxMiqxUBOEd04EJ"
  }
]