{
  "9836134e-b892-4283-b6b2-78b5acf3ed45": {
    "asset": 1669125316631,
    "meta": 1669125446040,
    "relativePath": "effects"
  },
  "f8e6b000-5643-4b86-9080-aa680ce1f599": {
    "asset": 1669125316680,
    "meta": 1669125446043,
    "relativePath": "image"
  },
  "5c3eedba-6c41-4c0c-9ba7-d91f813cbd1c": {
    "asset": 1669125316683,
    "meta": 1669125446046,
    "relativePath": "materials"
  },
  "fc09f9bd-2cce-4605-b630-8145ef809ed6": {
    "asset": 1669125316689,
    "meta": 1669125446048,
    "relativePath": "misc"
  },
  "db019bf7-f71c-4111-98cf-918ea180cb48": {
    "asset": 1669125316719,
    "meta": 1669125446050,
    "relativePath": "model"
  },
  "f6e6dd15-71d1-4ffe-ace7-24fd39942c05": {
    "asset": 1669125316726,
    "meta": 1669125446052,
    "relativePath": "obsolete"
  },
  "f743d2b6-b7ea-4c14-a55b-547ed4d0a045": {
    "asset": 1669125316734,
    "meta": 1669125446054,
    "relativePath": "particle"
  },
  "ae6c6c98-11e4-452f-8758-75f5c6a56e83": {
    "asset": 1669125316817,
    "meta": 1669125446056,
    "relativePath": "prefab"
  },
  "d8afc78c-4eac-4a9f-83dd-67bc70344d33": {
    "asset": 1669125316842,
    "meta": 1669125446059,
    "relativePath": "resources"
  },
  "abc2cb62-7852-4525-a90d-d474487b88f2": {
    "asset": 1669125316589,
    "meta": 1669125446246,
    "relativePath": "effects\\builtin-phong.effect"
  },
  "e2f00085-c597-422d-9759-52c360279106": {
    "asset": 1669125316608,
    "meta": 1669125446351,
    "relativePath": "effects\\builtin-toon.effect"
  },
  "430eccbf-bf2c-4e6e-8c0c-884bbb487f32": {
    "asset": 1669125316618,
    "meta": 1669125446376,
    "relativePath": "effects\\__builtin-editor-gizmo-line.effect"
  },
  "6c5cf6e1-b044-4eac-9431-835644d57381": {
    "asset": 1669125316625,
    "meta": 1669125446395,
    "relativePath": "effects\\__builtin-editor-gizmo-unlit.effect"
  },
  "115286d1-2e10-49ee-aab4-341583f607e8": {
    "asset": 1669125316630,
    "meta": 1669125446442,
    "relativePath": "effects\\__builtin-editor-gizmo.effect"
  },
  "e851e89b-faa2-4484-bea6-5c01dd9f06e2": {
    "asset": 1669125316641,
    "meta": 1669125446486,
    "relativePath": "image\\default_btn_normal.png"
  },
  "b43ff3c2-02bb-4874-81f7-f2dea6970f18": {
    "asset": 1669125316643,
    "meta": 1669125446492,
    "relativePath": "image\\default_btn_pressed.png"
  },
  "71561142-4c83-4933-afca-cb7a17f67053": {
    "asset": 1669125316639,
    "meta": 1669125446497,
    "relativePath": "image\\default_btn_disabled.png"
  },
  "edd215b9-2796-4a05-aaf5-81f96c9281ce": {
    "asset": 1669125316645,
    "meta": 1669125446500,
    "relativePath": "image\\default_editbox_bg.png"
  },
  "d81ec8ad-247c-4e62-aa3c-d35c4193c7af": {
    "asset": 1669125316647,
    "meta": 1669125446504,
    "relativePath": "image\\default_panel.png"
  },
  "cfef78f1-c8df-49b7-8ed0-4c953ace2621": {
    "asset": 1669125316649,
    "meta": 1669125446507,
    "relativePath": "image\\default_progressbar.png"
  },
  "600301aa-3357-4a10-b086-84f011fa32ba": {
    "asset": 1669125316636,
    "meta": 1669125446510,
    "relativePath": "image\\default-particle.png"
  },
  "99170b0b-d210-46f1-b213-7d9e3f23098a": {
    "asset": 1669125316652,
    "meta": 1669125446513,
    "relativePath": "image\\default_progressbar_bg.png"
  },
  "9d60001f-b5f4-4726-a629-2659e3ded0b8": {
    "asset": 1669125316656,
    "meta": 1669125446542,
    "relativePath": "image\\default_radio_button_on.png"
  },
  "567dcd80-8bf4-4535-8a5a-313f1caf078a": {
    "asset": 1669125316654,
    "meta": 1669125446547,
    "relativePath": "image\\default_radio_button_off.png"
  },
  "0291c134-b3da-4098-b7b5-e397edbe947f": {
    "asset": 1669125316659,
    "meta": 1669125446551,
    "relativePath": "image\\default_scrollbar.png"
  },
  "4bab67cb-18e6-4099-b840-355f0473f890": {
    "asset": 1669125316660,
    "meta": 1669125446554,
    "relativePath": "image\\default_scrollbar_bg.png"
  },
  "e39e96e6-6f6e-413f-bcf1-ac7679bb648a": {
    "asset": 1669125316714,
    "meta": 1669125446572,
    "relativePath": "model\\prefab"
  },
  "d6d3ca85-4681-47c1-b5dd-d036a9d39ea2": {
    "asset": 1669125316663,
    "meta": 1669125446559,
    "relativePath": "image\\default_scrollbar_vertical.png"
  },
  "617323dd-11f4-4dd3-8eec-0caf6b3b45b9": {
    "asset": 1669125316666,
    "meta": 1669125446564,
    "relativePath": "image\\default_scrollbar_vertical_bg.png"
  },
  "c4480a0a-6ac5-443f-8b40-361a14257fc8": {
    "asset": 1669125316683,
    "meta": 1669125448721,
    "relativePath": "materials\\builtin-phong.mtl"
  },
  "6e056173-d285-473c-b206-40a7fff5386e": {
    "asset": 1669125316668,
    "meta": 1669125446568,
    "relativePath": "image\\default_sprite.png"
  },
  "0275e94c-56a7-410f-bd1a-fc7483f7d14a": {
    "asset": 1669125316670,
    "meta": 1669125446591,
    "relativePath": "image\\default_sprite_splash.png"
  },
  "c25b9d50-c8fc-4d27-beeb-6e7c1f2e5c0f": {
    "asset": 1669125316675,
    "meta": 1669125446619,
    "relativePath": "image\\default_toggle_disabled.png"
  },
  "73a0903d-d80e-4e3c-aa67-f999543c08f5": {
    "asset": 1669125316672,
    "meta": 1669125446624,
    "relativePath": "image\\default_toggle_checkmark.png"
  },
  "d29077ba-1627-4a72-9579-7b56a235340c": {
    "asset": 1669125316677,
    "meta": 1669125446627,
    "relativePath": "image\\default_toggle_normal.png"
  },
  "2be36297-9abb-4fee-8049-9ed5e271da8a": {
    "asset": 1669125316688,
    "meta": 1669125446638,
    "relativePath": "misc\\default_video.mp4"
  },
  "897ef7a1-4860-4f64-968d-f5924b18668a": {
    "asset": 1669125316738,
    "meta": 1669125446645,
    "relativePath": "prefab\\2d-camera.prefab"
  },
  "b181c1e4-0a72-4a91-bfb0-ae6f36ca60bd": {
    "asset": 1669125316679,
    "meta": 1669125446630,
    "relativePath": "image\\default_toggle_pressed.png"
  },
  "70d7cdb0-04cd-41bb-9480-c06a4785f386": {
    "asset": 1669125316741,
    "meta": 1669125446650,
    "relativePath": "prefab\\3d-camera.prefab"
  },
  "70bbeb73-6dc2-4ee4-8faf-76b3a0e34ec4": {
    "asset": 1669125316744,
    "meta": 1669125446655,
    "relativePath": "prefab\\3d-particle.prefab"
  },
  "8a96b965-2dc0-4e03-aa90-3b79cb93b5b4": {
    "asset": 1669125316725,
    "meta": 1669125446634,
    "relativePath": "obsolete\\atom.png"
  },
  "ed88f13d-fcad-4848-aa35-65a2cb973584": {
    "asset": 1669125316748,
    "meta": 1669125446660,
    "relativePath": "prefab\\3d-stage.prefab"
  },
  "a3ee0214-b432-4865-9666-4a3211814282": {
    "asset": 1669125316780,
    "meta": 1669125446663,
    "relativePath": "prefab\\light"
  },
  "972b9a4d-47ee-4c74-b5c3-61d8a69bc29f": {
    "asset": 1669125316751,
    "meta": 1669125446667,
    "relativePath": "prefab\\button.prefab"
  },
  "2c937608-2562-40ea-b264-7395df6f0cea": {
    "asset": 1669125316752,
    "meta": 1669125446670,
    "relativePath": "prefab\\canvas.prefab"
  },
  "61aeb05b-3b32-452b-8eed-2b76deeed554": {
    "asset": 1669125316755,
    "meta": 1669125446679,
    "relativePath": "prefab\\editbox.prefab"
  },
  "27756ebb-3d33-44b0-9b96-e858fadd4dd4": {
    "asset": 1669125316759,
    "meta": 1669125446683,
    "relativePath": "prefab\\label.prefab"
  },
  "785a442c-3ceb-45be-a46e-7317f625f3b9": {
    "asset": 1669125316762,
    "meta": 1669125446688,
    "relativePath": "prefab\\layout.prefab"
  },
  "cd33edea-55f5-46c2-958d-357a01384a36": {
    "asset": 1669125316785,
    "meta": 1669125446692,
    "relativePath": "prefab\\particlesystem.prefab"
  },
  "d0a82d39-bede-46c4-b698-c81ff0dedfff": {
    "asset": 1669125316733,
    "meta": 1669125446674,
    "relativePath": "particle\\atom.png"
  },
  "ca8401fe-ad6e-41a8-bd46-8e3e4e9945be": {
    "asset": 1669125316782,
    "meta": 1669125446696,
    "relativePath": "prefab\\pageview.prefab"
  },
  "5965ffac-69da-4b55-bcde-9225d0613c28": {
    "asset": 1669125316787,
    "meta": 1669125446701,
    "relativePath": "prefab\\progressBar.prefab"
  },
  "4a37dd57-78cd-4cec-aad4-f11a73d12b63": {
    "asset": 1669125316789,
    "meta": 1669125446708,
    "relativePath": "prefab\\richtext.prefab"
  },
  "32044bd2-481f-4cf1-a656-e2b2fb1594eb": {
    "asset": 1669125316792,
    "meta": 1669125446713,
    "relativePath": "prefab\\scrollview.prefab"
  },
  "96083d03-c332-4a3f-9386-d03e2d19e8ee": {
    "asset": 1669125316797,
    "meta": 1669125446717,
    "relativePath": "prefab\\sprite.prefab"
  },
  "0004d1cf-a0ad-47d8-ab17-34d3db9d35a3": {
    "asset": 1669125316794,
    "meta": 1669125446721,
    "relativePath": "prefab\\slider.prefab"
  },
  "1f55e3be-b89b-4b79-88de-47fd31018044": {
    "asset": 1669125316799,
    "meta": 1669125446725,
    "relativePath": "prefab\\sprite_splash.prefab"
  },
  "7de03a80-4457-438d-95a7-3e7cdffd6086": {
    "asset": 1669125316801,
    "meta": 1669125446730,
    "relativePath": "prefab\\tiledmap.prefab"
  },
  "294c1663-4adf-4a1e-a795-53808011a38a": {
    "asset": 1669125316840,
    "meta": 1669125446732,
    "relativePath": "resources\\effects"
  },
  "bbee2217-c261-49bd-a8ce-708d6bcc3500": {
    "asset": 1669125316867,
    "meta": 1669125446734,
    "relativePath": "resources\\materials"
  },
  "0e42ba95-1fa1-46aa-b2cf-143cd1bcee2c": {
    "asset": 1669125316804,
    "meta": 1669125446737,
    "relativePath": "prefab\\tiledtile.prefab"
  },
  "0d784963-d024-4ea6-a7db-03be0ad63010": {
    "asset": 1669125316806,
    "meta": 1669125446742,
    "relativePath": "prefab\\toggle.prefab"
  },
  "bf0a434c-84dd-4a8e-a08a-7a36f180cc75": {
    "asset": 1669125316808,
    "meta": 1669125446749,
    "relativePath": "prefab\\toggleContainer.prefab"
  },
  "d1b8be49-b0a0-435c-83b7-552bed4bbe35": {
    "asset": 1669125316811,
    "meta": 1669125446754,
    "relativePath": "prefab\\toggleGroup.prefab"
  },
  "232d2782-c4bd-4bb4-9e01-909f03d6d3b9": {
    "asset": 1669125316814,
    "meta": 1669125446758,
    "relativePath": "prefab\\videoplayer.prefab"
  },
  "8c5001fd-07ee-4a4b-a8a0-63e15195e94d": {
    "asset": 1669125316816,
    "meta": 1669125446762,
    "relativePath": "prefab\\webview.prefab"
  },
  "a87cc147-01b2-43f8-8e42-a7ca90b0c757": {
    "asset": 1669125316696,
    "meta": 1669125446766,
    "relativePath": "model\\prefab\\box.prefab"
  },
  "b8223619-7e38-47c4-841f-9160c232495a": {
    "asset": 1669125316723,
    "meta": 1669125448779,
    "relativePath": "obsolete\\atom.plist"
  },
  "fe1417b6-fe6b-46a4-ae7c-9fd331f33a2a": {
    "asset": 1669125316698,
    "meta": 1669125446771,
    "relativePath": "model\\prefab\\capsule.prefab"
  },
  "b5fc2cf2-7942-483d-be1f-bbeadc4714ad": {
    "asset": 1669125316700,
    "meta": 1669125446775,
    "relativePath": "model\\prefab\\cone.prefab"
  },
  "1c5e4038-953a-44c2-b620-0bbfc6170477": {
    "asset": 1669125316704,
    "meta": 1669125446778,
    "relativePath": "model\\prefab\\cylinder.prefab"
  },
  "3f376125-a699-40ca-ad05-04d662eaa1f2": {
    "asset": 1669125316705,
    "meta": 1669125446782,
    "relativePath": "model\\prefab\\plane.prefab"
  },
  "6c9ef10d-b479-420b-bfe6-39cdda6a8ae0": {
    "asset": 1669125316708,
    "meta": 1669125446787,
    "relativePath": "model\\prefab\\quad.prefab"
  },
  "30682f87-9f0d-4f17-8a44-72863791461b": {
    "asset": 1669125316822,
    "meta": 1669125446813,
    "relativePath": "resources\\effects\\builtin-2d-graphics.effect"
  },
  "144c3297-af63-49e8-b8ef-1cfa29b3be28": {
    "asset": 1669125316825,
    "meta": 1669125446837,
    "relativePath": "resources\\effects\\builtin-2d-gray-sprite.effect"
  },
  "2d9a4b85-b0ab-4c46-84c5-18f393ab2058": {
    "asset": 1669125316711,
    "meta": 1669125446840,
    "relativePath": "model\\prefab\\sphere.prefab"
  },
  "b2687ac4-099e-403c-a192-ff477686f4f5": {
    "asset": 1669125316730,
    "meta": 1669125448788,
    "relativePath": "particle\\atom.plist"
  },
  "f18742d7-56d2-4eb5-ae49-2d9d710b37c8": {
    "asset": 1669125316827,
    "meta": 1669125446860,
    "relativePath": "resources\\effects\\builtin-2d-label.effect"
  },
  "de510076-056b-484f-b94c-83bef217d0e1": {
    "asset": 1669125316714,
    "meta": 1669125446863,
    "relativePath": "model\\prefab\\torus.prefab"
  },
  "0e93aeaa-0b53-4e40-b8e0-6268b4e07bd7": {
    "asset": 1669125316828,
    "meta": 1669125446887,
    "relativePath": "resources\\effects\\builtin-2d-spine.effect"
  },
  "2874f8dd-416c-4440-81b7-555975426e93": {
    "asset": 1669125316830,
    "meta": 1669125446907,
    "relativePath": "resources\\effects\\builtin-2d-sprite.effect"
  },
  "829a282c-b049-4019-bd38-5ace8d8a6417": {
    "asset": 1669125316832,
    "meta": 1669125447016,
    "relativePath": "resources\\effects\\builtin-3d-particle.effect"
  },
  "2a7c0036-e0b3-4fe1-8998-89a54b8a2bec": {
    "asset": 1669125316835,
    "meta": 1669125447054,
    "relativePath": "resources\\effects\\builtin-3d-trail.effect"
  },
  "61906da3-7003-4bda-9abc-5769c76faee4": {
    "asset": 1669125316769,
    "meta": 1669125447058,
    "relativePath": "prefab\\light\\ambient.prefab"
  },
  "c0040c95-c57f-49cd-9cbc-12316b73d0d4": {
    "asset": 1669125316838,
    "meta": 1669125447084,
    "relativePath": "resources\\effects\\builtin-clear-stencil.effect"
  },
  "6d91e591-4ce0-465c-809f-610ec95019c6": {
    "asset": 1669125316839,
    "meta": 1669125447118,
    "relativePath": "resources\\effects\\builtin-unlit.effect"
  },
  "ddb99b39-7004-47cd-9705-751905c43c46": {
    "asset": 1669125316774,
    "meta": 1669125447128,
    "relativePath": "prefab\\light\\directional.prefab"
  },
  "0cf30284-9073-46bc-9eba-e62b69dbbff3": {
    "asset": 1669125316777,
    "meta": 1669125447133,
    "relativePath": "prefab\\light\\point.prefab"
  },
  "f5331fd2-bf42-4ee3-a3fd-3e1657600eff": {
    "asset": 1669125316779,
    "meta": 1669125447140,
    "relativePath": "prefab\\light\\spot.prefab"
  },
  "a153945d-2511-4c14-be7b-05d242f47d57": {
    "asset": 1669125316846,
    "meta": 1669125448806,
    "relativePath": "resources\\materials\\builtin-2d-graphics.mtl"
  },
  "6f801092-0c37-4f30-89ef-c8d960825b36": {
    "asset": 1669125316844,
    "meta": 1669125448808,
    "relativePath": "resources\\materials\\builtin-2d-base.mtl"
  },
  "3a7bb79f-32fd-422e-ada2-96f518fed422": {
    "asset": 1669125316848,
    "meta": 1669125448810,
    "relativePath": "resources\\materials\\builtin-2d-gray-sprite.mtl"
  },
  "eca5d2f2-8ef6-41c2-bbe6-f9c79d09c432": {
    "asset": 1669125316856,
    "meta": 1669125448812,
    "relativePath": "resources\\materials\\builtin-2d-sprite.mtl"
  },
  "e02d87d4-e599-4d16-8001-e14891ac6506": {
    "asset": 1669125316851,
    "meta": 1669125448815,
    "relativePath": "resources\\materials\\builtin-2d-label.mtl"
  },
  "7afd064b-113f-480e-b793-8817d19f63c3": {
    "asset": 1669125316853,
    "meta": 1669125448818,
    "relativePath": "resources\\materials\\builtin-2d-spine.mtl"
  },
  "432fa09c-cf03-4cff-a186-982604408a07": {
    "asset": 1669125316859,
    "meta": 1669125448821,
    "relativePath": "resources\\materials\\builtin-3d-particle.mtl"
  },
  "466d4f9b-e5f4-4ea8-85d5-3c6e9a65658a": {
    "asset": 1669125316861,
    "meta": 1669125448824,
    "relativePath": "resources\\materials\\builtin-3d-trail.mtl"
  },
  "cf7e0bb8-a81c-44a9-ad79-d28d43991032": {
    "asset": 1669125316863,
    "meta": 1669125448827,
    "relativePath": "resources\\materials\\builtin-clear-stencil.mtl"
  },
  "2a296057-247c-4a1c-bbeb-0548b6c98650": {
    "asset": 1669125316867,
    "meta": 1669125448829,
    "relativePath": "resources\\materials\\builtin-unlit.mtl"
  },
  "954fec8b-cd16-4bb9-a3b7-7719660e7558": {
    "asset": 1669125316718,
    "meta": 1669125451842,
    "relativePath": "model\\primitives.fbx"
  },
  "d80ad57f-8a79-4984-a2f9-505be9d91508": {
    "asset": 1669131358745,
    "meta": 1669131358757,
    "relativePath": "scene\\game1.fire"
  },
  "6fecd4ad-6599-4031-b06f-128cfa16bd93": {
    "asset": 1669126048135,
    "meta": 1669129294059,
    "relativePath": "scene"
  },
  "01d4aafa-12d2-49d7-927e-21fae068402d": {
    "asset": 1669126293576,
    "meta": 1669129294063,
    "relativePath": "source"
  },
  "baf0c13c-f3dc-44e3-8ce0-d504ee92d551": {
    "asset": 1669126293573,
    "meta": 1669126293597,
    "relativePath": "source\\ball.png"
  },
  "8788658a-d6b0-40b6-8723-18bf8f665a98": {
    "asset": 1669128436982,
    "meta": 1669129294062,
    "relativePath": "script"
  },
  "db8784a6-c09f-42d8-9691-e01d871433a9": {
    "asset": 1669131307476,
    "meta": 1669131309306,
    "relativePath": "script\\game.js"
  }
}