{
  "version": "1.1.1",
  "windows": {
    "main": {
      "main": true,
      "url": "app://editor/index.html",
      "windowType": "dockable",
      "x": -8,
      "y": -8,
      "width": 1552,
      "height": 832,
      "layout": {
        "type": "dock-h",
        "children": [
          {
            "width": 354.2250061035156,
            "height": 712.1000366210938,
            "type": "dock-v",
            "children": [
              {
                "width": 354.2250061035156,
                "height": 355.0500183105469,
                "type": "panel",
                "active": 0,
                "children": [
                  "hierarchy"
                ]
              },
              {
                "width": 354.2250061035156,
                "height": 354.0500183105469,
                "type": "panel",
                "active": 0,
                "children": [
                  "assets"
                ]
              }
            ]
          },
          {
            "width": 1178.7625732421875,
            "height": 712.1000366210938,
            "type": "dock-v",
            "children": [
              {
                "width": 1178.7625732421875,
                "height": 443.0625,
                "type": "dock-h",
                "children": [
                  {
                    "width": 424.9125061035156,
                    "height": 443.0625,
                    "type": "panel",
                    "active": 0,
                    "children": [
                      "inspector"
                    ]
                  },
                  {
                    "width": 317.9375,
                    "height": 443.0625,
                    "type": "panel",
                    "active": 0,
                    "children": [
                      "scene"
                    ]
                  },
                  {
                    "width": 429.9125061035156,
                    "height": 443.0625,
                    "type": "panel",
                    "active": 0,
                    "children": [
                      "node-library"
                    ]
                  }
                ]
              },
              {
                "width": 1178.7625732421875,
                "height": 266.0375061035156,
                "type": "panel",
                "active": 0,
                "children": [
                  "console",
                  "timeline",
                  "game-window"
                ]
              }
            ]
          }
        ]
      },
      "panels": [
        "hierarchy",
        "assets",
        "inspector",
        "scene",
        "node-library",
        "console",
        "timeline",
        "game-window"
      ]
    }
  },
  "panels": {
    "preferences": {
      "x": 480,
      "y": 128,
      "width": 600,
      "height": 564
    },
    "project-settings": {
      "x": 480,
      "y": 128,
      "width": 600,
      "height": 564
    }
  },
  "panelLabelWidth": {}
}
